SYMBOL,TOTAL_VOLUME,AVG_VOLUME,MAX_VOLUME,MIN_VOLUME,AVERAGE_OPEN_STOCK,AVERAGE_CLOSE_STOCK,VOLATILITY
PCLN,637358724,632928.226415,3357449,159323,1390.184150943,1390.272641509,24.760193049
REGN,884738553,878588.433962,4581588,12135,412.336247813,412.335821748,12.305754771
GOOGL,2121934159,2107183.871897,12858136,521141,722.819196922,722.559016981,11.433195829
AZO,323425210,321176.971202,2949654,68661,660.302259186,660.246425025,11.351629891
AMZN,3907285439,3880124.567031,23856060,1092970,619.387671301,619.244787488,11.261221946
CMG,908375634,902061.205561,9900096,136870,517.06908143,516.849354518,11.233896922
GOOG,1717579425,1809883.482613,11164943,7932,714.515188093,714.496848156,11.152138462
BIIB,1742291933,1730180.668322,16634140,465774,310.712120159,310.474882224,8.015346276
MTD,173123302,171919.862959,5345986,40862,377.69009434,377.854131082,6.471680139
EQIX,692291291,687478.938431,13250959,99630,308.958609732,309.171056604,5.940108838
AGN,3233995326,3211514.722939,36591279,615628,244.950476564,244.738897716,5.91091003
BLK,624875978,620532.252234,1972566,134441,359.939821251,359.971300894,5.827787488
ADS,632477861,628081.291956,3380871,94859,250.707075472,250.675124131,5.323812314
CHTR,1702344070,1690510.496524,35466604,177704,224.150655412,224.250779444,5.099079742
ILMN,1401303017,1391562.082423,23572606,218144,173.385769613,173.453025819,4.994095035
ALXN,1846598150,1833761.817279,18836943,335362,151.384642502,151.266017875,4.808890864
PXD,2003462822,1989536.069513,14056076,372901,164.256876862,164.29224429,4.67768858
SHW,714451773,709485.375372,7164665,113598,275.929111221,276.096355511,4.33890864
GWW,679922659,675196.285005,6078266,128285,225.142303972,225.18,4.160234856
TDG,540804312,537044.997021,9761017,85534,228.204741807,228.340268123,4.15548004
AYI,506888363,503364.809335,8821510,72271,185.2382572,185.306703078,4.155016882
ORLY,866451199,860428.201589,12830416,218651,222.557408143,222.62602284,4.113807249
MLM,793360973,787846.050645,18485878,105697,166.053306852,166.119712016,3.991963952
ULTA,986517247,979659.629593,11411000,218841,184.165397219,184.125178749,3.95157001
ISRG,1069184473,1061752.207547,8597421,222798,208.735209434,208.86199434,3.815918967
WYNN,2630372282,2612087.668322,16035586,436994,130.076316683,130.008048659,3.759134558
ESS,406022085,403199.687190,18958032,81842,218.968803376,219.035431976,3.699069215
INCY,1602488276,1591348.834161,33192954,406648,91.172015889,91.150998113,3.661481033
AMG,475325492,472021.342602,8628523,85793,179.792532274,179.720297915,3.651761072
CXO,1520725084,1510154.005958,23881767,374991,119.885610725,119.91836147,3.639099801
HUM,1408145344,1398356.846077,13944912,267781,176.916226415,177.057596822,3.633950348
WHR,968059817,961330.503476,9479958,173089,168.937616683,168.963098312,3.575526812
VRTX,1813384750,1800779.294935,25236837,340914,107.068068091,107.069528302,3.573920577
AVGO,2909966563,2889738.394240,56027993,576169,148.064523337,148.079094836,3.526014101
XEC,1180406559,1172201.150943,13588698,302255,115.316854022,115.334915591,3.490563654
MCK,1626715035,1615407.184707,28158084,326157,179.763450645,179.752641509,3.469583217
MHK,655513628,650956.929494,3824990,127695,190.759170804,190.763430983,3.407418272
PSA,752235733,747006.686197,3807216,218031,207.707874876,207.78230139,3.389668322
GS,3198928046,3176691.207547,12464020,697700,192.210372393,192.233495531,3.223555809
COO,483575770,480214.270109,10840208,96235,173.58091857,173.652522344,3.194265442
PRGO,1665900824,1654320.579940,30032038,224113,126.478406157,126.410685204,3.074044091
AAP,1145267855,1137306.708044,19749515,152415,143.205079444,143.187120159,3.053818967
AMGN,3450940693,3426952.028798,23936848,943079,153.977296524,153.966765144,3.041949255
SPG,1482853781,1472545.959285,4639236,379488,180.734523337,180.714270109,2.957762661
LMT,1466456232,1456262.395233,13962278,320919,224.215456802,224.288083416,2.911528798
NFLX,14474331268,14373715.261172,104500746,1616260,104.118536048,104.138073982,2.884776862
RE,340648474,338280.510427,7583803,72052,192.021583913,192.035014896,2.856686495
ANTM,1870728673,1857724.600794,7619076,357532,143.537462761,143.646881827,2.799732473
HII,335472634,333140.649454,2473492,62616,147.001911619,147.092293942,2.729922939
AVB,771109357,765749.113208,3487728,202135,168.888631778,168.918142999,2.697413803
CELG,5201757363,5165598.175770,69847444,1310275,108.905431976,108.896834062,2.694177656
NOC,1074343031,1066874.906653,5765577,230218,192.420695134,192.515332671,2.673683019
URI,1922223292,1908861.263158,15985621,454125,95.184586495,95.211588878,2.659373585
FDX,1719820769,1707865.709037,8889324,495365,171.070377458,171.108967229,2.602146177
CI,1636276230,1624901.916584,14199699,306591,132.028525323,132.121112214,2.58700854
SIG,1362069406,1352601.197617,18604145,171147,99.539731877,99.502115194,2.550755611
ROP,467541835,464291.792453,4247704,99543,179.541554121,179.660427011,2.540523039
UHS,840645234,834801.622642,13966781,166360,113.910933466,113.959443893,2.533961867
RL,1175357129,1167186.821251,17508098,114981,118.697611718,118.640203575,2.487850844
EXPE,2159974099,2144959.383317,20597371,265998,108.751876862,108.755843098,2.459745283
FFIV,1023174767,1016062.330685,9268864,238048,119.051238928,119.135307944,2.387209434
BA,4009898356,3982024.186693,33735576,788957,154.914144091,154.998619662,2.385313704
CMI,1657532500,1646010.427011,13064058,383487,136.141459782,136.170486594,2.363620655
ANDV,2438969891,2422015.780536,9865384,456926,82.247214499,82.30499007,2.350985402
PVH,1077548575,1070058.167825,5433017,232719,108.457934459,108.389523337,2.350643496
SNA,451967127,448825.349553,2289696,63695,148.579707051,148.594240318,2.329092155
EOG,4000544482,3972735.334657,18682441,913550,90.942415591,90.941559086,2.218020655
AET,2678192285,2659575.258193,23978404,536797,112.564453823,112.627939424,2.211006455
BDX,1117648629,1109879.472691,12966348,257555,155.399796425,155.458709037,2.205299801
ROK,934622816,928125.934459,6596561,275146,127.763907646,127.803018868,2.198374677
WAT,514131540,510557.636544,3184613,103926,136.559562066,136.621246276,2.19696852
SBAC,1111673489,1103945.867925,23507738,267987,114.142969215,114.196397716,2.196717776
STZ,1361983050,1352515.441907,10511832,248464,137.848510228,137.875292949,2.17523575
TMO,1767492549,1755206.106256,9596240,370701,142.454652433,142.500953327,2.165257001
WLTW,398081712,792991.458167,7654178,216639,132.730438247,132.789880478,2.165055976
PH,1200904839,1192556.940417,8477724,211764,128.830650447,128.868957299,2.158922443
ALGN,888080012,881906.665343,17940259,141232,88.490173784,88.490892254,2.15426147
VMC,1138340833,1130427.838133,5374651,261540,96.592840119,96.602686197,2.144356107
LLL,674265850,669578.798411,5484881,123490,136.860491559,136.947715988,2.14104717
IBM,4335010752,4304876.615690,30490192,1193025,161.431788481,161.4582572,2.133036445
LRCX,2249007154,2233373.539225,18707138,428415,96.052826018,96.053654419,2.12760566
FRT,427471340,424499.841112,14539241,89228,135.718967229,135.73633565,2.126283019
HP,1912125629,1898833.792453,7755228,426042,70.110629096,70.107785501,2.124956802
AMP,1124267533,1116452.366435,4964328,181287,118.695037835,118.6983714,2.123272989
MTB,846853136,840966.371400,4744249,180748,130.775660377,130.825372393,2.117957299
UNH,3774908430,3748667.755710,16358215,743961,130.258232373,130.327815293,2.115390665
SWKS,3228202187,3205761.854022,40723116,617129,77.08235859,77.094003972,2.095029494
GD,1546140441,1535392.692155,14470573,358100,150.491787488,150.583445879,2.087761072
WDC,3577041878,3552176.641509,19380444,639139,78.65123138,78.613500397,2.055699305
FB,29432418373,29227823.607746,150438699,5913066,107.72140427,107.738042602,2.050124628
APD,1334853060,1325574.041708,13887984,272320,139.292949355,139.303723932,2.046095432
EQT,2030655180,2016539.404171,22746698,459367,74.984423932,74.947000993,2.025643793
QRVO,1347780018,1785139.096689,28866259,238694,61.90286755,61.926503311,2.023137881
KSU,1340909481,1331588.362463,14629360,229989,98.450327706,98.446971202,2.02288858
LH,919152276,912762.935452,8324017,160647,123.49265144,123.544021847,2.01257994
TRIP,2396998471,2380336.118173,29448781,373031,68.312598014,68.279926514,2.005138828
BXP,772347219,766978.370407,2652295,134916,125.267428004,125.297199603,1.992087587
GILD,11542426071,11462190.735849,72464172,2335914,88.093057895,88.019205561,1.988313307
COST,2445070595,2428074.076465,24232985,491044,147.743341609,147.772565938,1.976130884
LYB,3471514302,3447382.623635,12922815,462229,89.525173784,89.521469712,1.97042284
MMM,2239066447,2223501.933466,8645905,651007,168.108647368,168.205998014,1.936791063
IDXX,717669651,712680.884806,20606473,148782,96.18531281,96.234739821,1.930189573
APC,5360546729,5323283.742800,44799284,1259189,69.070734757,69.04409136,1.916463754
AAPL,45485758169,45169571.170804,266833581,11475922,116.811396127,116.839892453,1.890932969
SLG,751806956,746580.889772,16474471,168132,108.148157895,108.142224429,1.879459186
NSC,1898304054,1885108.295929,8715514,434027,101.231583813,101.305441907,1.856309732
RCL,2132799932,2117974.113208,34527509,459109,82.432045978,82.482428004,1.824269315
ZBH,1359208540,1349760.218471,12394537,233450,110.544443893,110.586901688,1.815035452
RTN,1720348612,1708389.882820,7226998,434277,127.129867627,127.156315789,1.811941807
IFF,476696086,473382.409136,4518990,82704,117.801767627,117.867706058,1.78373575
SPGI,1267540788,1258729.680238,5008840,245434,108.491608739,108.541593843,1.735592751
HD,5329036989,5291993.037736,20753212,1517075,121.666683217,121.71123138,1.723171599
ADBE,2884879130,2864825.352532,16424002,602505,97.325903674,97.390297815,1.722998113
SRCL,768143218,762803.592850,11315962,108840,106.627249255,106.631598808,1.718082324
APTV,36306643,2017035.722222,3697224,335650,85.6575,85.1,1.714444444
ALK,1480467021,1470175.790467,27347093,387174,68.483577458,68.487646475,1.699902681
UNP,4377731783,4347300.678252,19539911,1001494,99.958950844,99.999443893,1.69700149
UAL,5473952974,5435901.662363,67826188,1092508,57.394006951,57.380233366,1.690523039
APA,3987647405,3959927.909633,15139930,1021755,60.407089374,60.375953327,1.689593148
NVDA,10836623588,10761294.526316,92323196,1141128,61.339340616,61.36466286,1.682642205
SJM,890347029,884157.923535,6184203,155951,117.524150943,117.565392254,1.681022244
CVX,7405728767,7354249.023833,26151133,1744165,107.033355412,107.046583913,1.679696922
HES,3759111810,3732980.943396,40193525,947416,62.628594836,62.614736842,1.676913803
PX,1353103126,1343697.245283,5935782,351979,122.918108242,122.953247269,1.673792056
HCA,3169778415,3147744.205561,81149987,482260,73.633555114,73.685839126,1.667767428
NEE,2075132682,2060707.727905,7464039,552762,114.749061569,114.830139027,1.653376564
INTU,1603211234,1592066.766634,8703006,327175,104.882517378,104.980026812,1.648401887
EW,1981016129,1967245.411122,16796619,389570,80.831914101,80.826772592,1.646561668
MCO,1022389427,1015282.449851,5025059,240221,103.447274081,103.506087388,1.644305263
CNC,1729253074,1717232.446872,39208889,286346,61.577368421,61.609180735,1.633746077
RRC,4217176615,4187861.583913,25378990,555822,45.632383317,45.564776564,1.621326117
TIF,1564683839,1553807.188679,10680581,388466,85.460645482,85.46591857,1.620297021
BRK.B,3563617893,3538845.971202,14622750,1038600,147.4115,147.397000993,1.615622244
SLB,7515652187,7463408.328699,58004323,1819739,82.198430983,82.194260179,1.607716882
EFX,842052621,836199.226415,17508859,116214,104.870059583,104.933565045,1.604181132
CME,1564747026,1553869.936445,7030990,312282,99.385789474,99.433083416,1.604005362
AMT,2154395030,2139419.096326,18726256,487017,105.514926514,105.543177756,1.603105065
ANSS,469274838,466012.748759,17613441,132593,94.709319762,94.776961271,1.601122046
ALB,1243580935,1234936.380338,24895474,200210,76.744945382,76.745913605,1.597962562
PPG,1572781949,1561849.005958,12605302,371784,104.392154916,104.417979146,1.594929891
PSX,3163823065,3141830.253227,12950806,605671,81.053098213,81.072974181,1.58403714
SRE,1200307312,1191963.567031,4958485,306613,105.069136048,105.108301887,1.577349255
TSCO,1484424977,1474106.233366,30011483,246058,75.398520357,75.39388282,1.574263456
CAT,5296837422,5260017.300894,27489451,944517,92.651499503,92.686087388,1.573304369
PRU,2419341731,2402524.062562,9818885,480807,89.231847071,89.24265144,1.569868818
SWK,1113218445,1105480.084409,5059557,228275,110.740188679,110.766365442,1.561050546
CRM,4987062425,4952395.655412,48274024,1084670,73.155565045,73.167944389,1.557137239
ADSK,2391247802,2374625.424032,19486960,355479,68.455622145,68.501057398,1.549921351
VNO,895676215,889450.064548,3011935,207282,97.631370407,97.643043694,1.549803277
ARE,528171866,524500.363456,16444344,94679,96.510481629,96.579195631,1.547325223
ABC,2034267389,2020126.503476,11878192,393279,87.009220457,87.024389275,1.539106554
DLR,1378310303,1368729.198610,33780244,305740,83.336886792,83.388679245,1.536741311
EVHC,610155852,2251497.608856,50450038,484603,54.280405904,54.217730627,1.53521476
ECL,1113791389,1106049.045680,6287572,281941,116.545888779,116.578907646,1.534975074
EA,3576772420,3551909.056604,24840010,780845,68.909006951,68.958583019,1.531839523
CLX,977618422,970822.663357,8863677,248877,116.31090864,116.353753724,1.527873982
PNC,2401280231,2384588.114201,7995013,612841,98.786876862,98.817110228,1.526616683
VLO,6134769966,6092125.090367,44023669,1442920,60.588540417,60.612502483,1.522624429
DLTR,2710807436,2691963.690169,36322351,559851,74.128520357,74.139216485,1.520405859
LB,2545963836,2528265.974181,27796859,257165,69.548694141,69.565278054,1.512999801
KMB,1728973422,1716954.738828,6657462,526790,118.143599801,118.194677259,1.507455909
SYK,1374063189,1364511.607746,6550017,347507,107.24617428,107.2975571,1.507268123
PKG,977755584,970958.871897,22606474,177969,78.592234359,78.60724429,1.504822741
MON,3119279816,3097596.639523,25716946,622610,109.373144985,109.348540218,1.493986197
CB,1624666478,1613372.867925,17647214,440728,119.626559086,119.656454816,1.492654419
JBHT,935136053,928635.603774,19062317,151871,84.252288977,84.282361966,1.4853572
MA,4307114240,4277174.021847,23255509,932729,98.332900695,98.34299007,1.481315392
CTXS,1920314125,1906965.367428,18145012,410826,74.10274578,74.12949851,1.474656703
WBA,5383523133,5346100.429990,84138863,1366994,78.002462761,78.014856008,1.460661569
IT,466559608,463316.393247,19351878,99731,91.925228401,91.967437934,1.46045859
ACN,2502545230,2485149.185700,14821341,601818,105.121224429,105.222125124,1.448995432
MAA,620468810,616155.719960,24658164,135876,87.023649454,87.057328699,1.445150745
DE,2999629201,2978777.756703,23735606,740346,95.005198709,95.071340616,1.442789474
UTX,3963338912,3935788.393247,21828314,1008723,109.410213505,109.401569017,1.440328103
OXY,4655321545,4622960.819265,16706666,1319206,76.197259186,76.195526316,1.426555313
EMN,1361197358,1351735.211519,5854631,242272,77.3824429,77.394309831,1.420150149
DISH,2262339467,2246613.174777,41312796,347264,59.916772592,59.891981132,1.413934359
KORS,3333109482,3309939.902681,69237385,746133,56.995213505,56.964319762,1.40726574
TAP,1723546999,1711566.036743,20928859,293980,83.190383714,83.185422046,1.403758193
DVN,5558088482,5519452.315789,97177511,1170211,48.541295929,48.512328699,1.403055611
RHT,1593800297,1582721.248262,14673959,256446,76.084586892,76.107626614,1.402963456
HSY,1196422191,1188105.452830,19899432,291197,99.353252234,99.424766634,1.397625621
DOV,1443633537,1433598.348560,9031681,141419,76.170973188,76.204270109,1.393742006
MYL,6015619571,5973802.950348,50879247,871516,47.315571003,47.275888779,1.392798808
BHF,122667239,1048437.940171,11208105,3,59.496594828,59.547615385,1.390303448
HON,3016986326,2996014.226415,20446322,606522,110.665139027,110.685650447,1.386118371
DXC,385340473,2038838.481481,34496800,376949,83.977169312,84.023650794,1.38544127
ITW,1648011992,1636556.099305,6468241,338990,107.386315789,107.447959285,1.384667726
WYN,1152513327,1144501.814300,6686763,225679,81.612229295,81.635491559,1.384123039
DIS,7695567242,7642072.732870,61011209,2166034,99.038259186,99.026901688,1.381438828
KLAC,1539624088,1528921.636544,24477320,269918,74.614101291,74.644569017,1.381247766
AON,1231227581,1222668.898709,5807873,276060,104.88152433,104.923048659,1.379228997
CVS,5630442639,5591303.514399,50234379,1792989,87.697979047,87.695431976,1.371712214
ESRX,4346768768,4316552.897716,36851442,1013360,74.255416783,74.276913108,1.368926018
MCD,5268867130,5232241.439921,25286588,963233,116.29949851,116.359344588,1.366287984
GPC,745282994,740102.278054,6016283,175398,91.484021847,91.508589871,1.361963158
IQV,1053615636,1046291.594836,34428151,170906,70.51479146,70.550655412,1.361166336
HAS,1283724774,1274801.165839,12332733,294009,75.66173138,75.675758689,1.360072294
SNI,1238297625,1229689.796425,27853264,156001,70.846951341,70.830784508,1.356796922
CTAS,627721035,623357.532274,3653859,165368,95.445173784,95.470168818,1.355849851
KHC,2061398890,3277263.736089,30007660,777321,82.372062003,82.357869634,1.351576153
MAR,2776398935,2757099.240318,18178877,642661,77.876517776,77.953382324,1.343991559
DG,3660465422,3635020.280040,42449092,719742,72.294662363,72.309587885,1.341933962
VAR,774534161,769150.110228,8171111,141762,88.308455809,88.395074479,1.328722542
HRS,820286882,814584.788481,7253374,122747,88.725049553,88.769702085,1.325076365
EXR,961552282,954868.204568,22998449,235655,71.656355511,71.68285005,1.323125521
CAH,2305228012,2289203.586892,13666746,453883,77.058381331,77.073386296,1.317614101
CCI,2441134086,2424164.931480,27304794,535547,87.359884806,87.374880834,1.316552532
COF,3043876501,3022717.478649,16800046,506444,78.921355511,78.933237339,1.313281529
ABBV,8467697834,8408835.982125,122740856,1870435,63.296753724,63.338301887,1.308448759
MAC,1185997636,1177753.362463,12351613,215768,71.731713009,71.757785501,1.302987289
VRSN,1056872037,1049525.359484,10815306,199855,75.475367428,75.515124131,1.302153327
TRV,1842053412,1829248.671301,6498254,305358,109.093803376,109.134304866,1.296794638
JWN,2478402921,2461174.698113,29545055,350815,58.449466733,58.465054618,1.292683217
WRK,1067387485,1678282.209119,8386684,100,50.543669291,50.533191824,1.289565984
NTRS,1227554324,1219021.175770,5279941,272879,74.22303863,74.252318769,1.288255611
COL,1086631769,1079078.221450,16988777,158590,92.324960278,92.368679245,1.283422244
VIAB,4024398413,3996423.448858,33191205,886966,53.525739821,53.46958292,1.279767925
MPC,5743920741,5703992.791460,27575854,1372138,47.15245283,47.154563059,1.279569712
TWX,5306008162,5269124.291956,69744146,1136337,81.791140914,81.815950844,1.278648262
JNJ,7349264113,7298176.874876,25835156,2353779,110.935451837,110.964597815,1.278329692
LLY,4530934211,4499438.143992,53975853,817624,74.718676663,74.75163853,1.277004767
STT,2390522721,2373905.383317,7469795,518599,74.109020854,74.145143992,1.276561172
KMX,2159264471,2144254.688183,20302038,455528,58.094682224,58.115590864,1.265730884
FL,2496557571,2479203.148957,36216618,546613,57.955526316,57.958927507,1.263362562
AIZ,530251897,526565.935452,3033227,104852,79.933763654,79.978838133,1.262420556
AKAM,2114510392,2099811.710030,21769246,353632,59.205186693,59.2210714,1.25899851
FISV,1076022128,1068542.331678,5165989,312293,92.279543198,92.373733863,1.258478252
DTE,1038946995,1031724.920556,3205672,181970,88.597775571,88.6408143,1.253071102
UPS,2943734445,2923271.544191,19275359,891718,104.760461768,104.781449851,1.251463158
ADP,2090465392,2075933.855015,29837591,488812,89.759304866,89.806082423,1.2498715
EL,1853521252,1840636.794439,11082486,347029,86.129080338,86.157328699,1.247185005
KSS,3605155300,3580094.637537,26849624,1050448,50.357681231,50.373093347,1.242585899
TROW,1548088092,1537326.804369,7648931,403775,77.624493545,77.621380338,1.239292354
AAL,9819781913,9751521.264151,137767165,1352400,42.420103078,42.424900298,1.23845859
STX,4537699451,4506156.356504,48458893,729689,44.747323635,44.740893744,1.237284508
NFX,3254587714,3231963.966236,34690268,589218,34.670139126,34.670163853,1.235966435
CF,4172027371,4143026.187686,25849258,873162,41.825493148,41.821898709,1.233054121
COP,7965189078,7909820.335650,49188160,2288899,55.689463754,55.673018868,1.228695333
OKE,2481050671,2463804.042701,42639866,481375,48.854324727,48.849061569,1.227339126
DGX,1339216723,1329907.371400,14985949,300925,77.154424032,77.196822244,1.225415392
XOM,12384861895,12298770.501490,44704931,3851283,87.036663357,87.049041708,1.21460149
PM,4554756355,4523094.692155,23609501,1201729,93.479359583,93.526385303,1.202310824
YUM,3247591043,3225015.931480,36795550,666705,76.382742999,76.402214499,1.199148361
NOV,4619068236,4586959.519364,29172973,659116,47.774970209,47.768490566,1.195847269
FMC,1235352687,1226765.329692,14122220,226713,60.340392254,60.317199603,1.194214002
NBL,4210976447,4181704.515392,20886865,900168,42.97183714,42.954975174,1.191066137
ADI,2539270151,2521618.819265,14962962,536315,63.261802383,63.260429494,1.190621549
ETR,1443566292,1433531.571003,4695492,235103,75.055243297,75.088291956,1.189577458
HAL,10957021992,10880856.000000,80357830,2506595,47.058663357,47.051896723,1.185717478
CBS,5665260574,5625879.418073,90000585,977372,57.162979146,57.133783515,1.184574181
CBOE,762269916,756971.118173,20233347,167967,69.310059583,69.36347567,1.184300794
PNR,1338511247,1329206.799404,7434445,173177,63.346077458,63.338788481,1.179467428
TGT,5879702170,5838830.357498,49491703,1097659,67.897740814,67.900337637,1.179198312
HSIC,1082757815,1075231.196624,31224066,213158,74.14556852,74.146295929,1.174566634
CERN,2163312996,2148275.070506,15699713,428891,60.893912612,60.916217478,1.167627905
NCLH,1646892788,1635444.675273,33545860,202370,46.635625621,46.639180735,1.16358143
MKC,738661408,733526.720953,5726519,171411,85.803545184,85.838738828,1.16191291
GPN,1382815608,1373203.185700,36730004,227914,62.698887786,62.729001986,1.156539821
DRI,1680503786,1668822.031778,10815960,278735,65.795188679,65.816146971,1.154427309
FLR,1496557581,1486154.499503,11166551,405565,55.767025819,55.764121152,1.149970506
HCN,2184232990,2169049.642502,16988953,462210,68.573013903,68.589409136,1.146442502
LOW,5561938383,5523275.454816,26364263,1607437,69.065318769,69.099285005,1.146008838
OMC,1690954077,1679199.679245,12280821,396156,76.647670308,76.652939424,1.144930983
PCAR,2030934916,2016817.195631,9657924,476404,61.696484608,61.711434955,1.142000894
ALLE,715333484,710360.957299,3922204,114249,64.273550149,64.294885799,1.141181529
HOG,2308081499,2292037.238332,31739422,311187,56.288843098,56.295590864,1.140104469
LNC,1927720887,1914320.642502,6966641,421581,55.793132969,55.80469712,1.140012016
CHRW,1605582918,1594421.964250,10238706,325519,69.182318769,69.229996028,1.139052929
ETN,2831537988,2811855.002979,11758400,618980,67.708128103,67.716703078,1.13694995
IR,2059153714,2044839.835154,8875737,379599,68.260397219,68.277735849,1.128693049
FLS,1326246970,1317027.775571,7255289,315765,53.511936445,53.502959285,1.123245283
BMY,7976743738,7921294.675273,86212615,1385063,59.368684211,59.374001986,1.118409136
RJF,773449960,768073.445879,23045057,201707,60.853997021,60.872353525,1.117204568
DAL,10509507583,10436452.416087,43300859,1841234,44.217506157,44.199647468,1.1167428
PEP,4452561532,4421610.260179,13366933,1044308,100.490777557,100.542383317,1.114527408
AXP,4860651190,4826863.147964,43783380,837313,79.055212612,79.050516385,1.112455015
TJX,3715825611,3689995.641509,17345374,885789,69.537795432,69.54225422,1.105214002
MDT,5982960579,5941370.982125,65446699,1453116,75.045520159,75.069404171,1.104443595
DPS,1379293196,1369705.259186,5419802,312631,80.629404171,80.678957299,1.103551539
DVA,1387060716,1377418.784508,9753885,253773,70.270765641,70.276792453,1.101085601
EQR,1900628392,1887416.476663,11465796,505606,68.06047567,68.072373386,1.099159384
VFC,2429414971,2412527.280040,15367911,513067,63.705933466,63.719771599,1.095502781
CMA,1986275338,1972468.061569,8281061,393454,53.196216485,53.211266137,1.094941112
VTR,2228482875,2212991.931480,11606348,598361,64.719647468,64.727467726,1.09346862
MCHP,2289696780,2273780.317776,30441149,371132,56.880173684,56.88939424,1.089706852
QCOM,11042126520,10965368.937438,94436001,2451309,63.279902979,63.291490566,1.083710228
V,9511808719,9445688.896723,50857784,2188783,75.433344786,75.435337637,1.081306852
NUE,2477932411,2460707.458788,9225931,421158,51.001737835,50.998053625,1.081190367
DUK,3145466472,3123601.263158,12096999,936345,77.861688679,77.891072493,1.075545184
VRSK,899541700,893288.679245,26526012,204996,74.486852036,74.515382324,1.074043595
MSI,1488414164,1478067.690169,11481100,234979,71.9832572,71.998053625,1.072433962
REG,735699022,730584.927507,27410591,162344,64.932323734,64.956633565,1.066674876
CTSH,4255705972,4226123.110228,53397247,1059277,58.622959384,58.633366435,1.059723138
JPM,15789762063,15680002.048659,56192320,3680043,69.865559881,69.886722939,1.053775372
TEL,1797517386,1785022.230387,7548273,434483,66.911549156,66.929116187,1.040909136
D,2570200952,2552334.609732,10798596,738430,73.099379345,73.130496524,1.040766733
AVY,774707697,769322.439921,4154402,193485,67.602080338,67.634438928,1.035478947
PNW,825937933,820196.557100,3864917,148295,69.725188679,69.774200596,1.033882026
DHR,2945203551,2960003.568844,18878952,0,84.301363948,84.319748744,1.032157847
EIX,2071165984,2056768.603774,17109960,439989,66.510118173,66.545317776,1.03105422
BWA,1960989701,1947358.193644,8568855,412107,47.865898709,47.865233366,1.027849255
WMB,8419962788,8361432.758689,105692958,1976462,36.937720953,36.926762661,1.027189474
M,6654090026,6607835.179742,60720709,1837812,45.272736743,45.247224429,1.022422939
LEN,2966969173,2946344.759682,16557657,714997,45.971392453,45.963733069,1.020379245
TSN,3760097527,3733959.808342,32322769,783219,53.572159881,53.607457795,1.019914896
SCG,1029959589,1022799.989076,8213926,219807,59.491708044,59.495203575,1.004302781
TXN,5713118440,5673404.607746,33230047,1288450,62.134741311,62.170923535,1.002326415
RMD,942750982,936197.598808,30299252,153592,61.102527309,61.186146971,1.000694638
PYPL,5502847729,8748565.546900,52286509,2133437,44.771875994,44.751144674,0.9979567568
LUV,6922848694,6874725.614697,43824879,1374039,42.00484717,42.017070407,0.9923816286
JEC,1067170945,1059752.676266,3938736,250376,50.557835154,50.566911619,0.9834389275
ED,2011089492,1997109.723932,9233607,482671,68.911156902,68.958838133,0.9763576961
FBHS,1348735006,1339359.489573,31805569,263865,52.308093347,52.339260179,0.9722286991
WMT,8514503896,8455316.679245,80898117,2483121,74.551961271,74.577666336,0.9665855015
DWDP,634614411,7645956.759036,32382148,2636225,70.548493976,70.471084337,0.9612385542
ROST,3013286732,2992340.349553,14140321,597263,52.708932473,52.716484608,0.9528301887
XRAY,1272139832,1263296.754717,19284507,241202,55.874468719,55.904935452,0.9492227408
DFS,3000293930,2979437.864945,19602148,667960,59.654637537,59.670933466,0.9480426018
FTI,3288252858,3265395.092354,52984015,588383,37.34414002,37.333992056,0.9469092354
FIS,1587958215,1576919.776564,12346474,366576,69.868435849,69.913152929,0.9431027805
BBY,5415300131,5377656.535253,85222918,1374672,38.467701092,38.497527309,0.9420736842
HLT,647007938,2588031.752000,33236368,470449,64.49874,64.51728,0.9407264
GRMN,1347864084,1338494.621648,10777173,285468,48.738519861,48.745623138,0.9403462761
C,19621608325,19485211.842105,112601033,4671254,53.872313903,53.877418073,0.9399980139
K,2107771401,2093119.564052,11598383,374751,68.87683714,68.90152433,0.9393399206
NDAQ,1062502250,1055116.434955,5836374,218033,57.454051639,57.490491559,0.9354510427
AWK,970367611,963622.255214,33567097,198417,63.735148957,63.776722939,0.9311691162
XLNX,3071482550,3050131.628600,33031356,426684,50.977089374,50.996469712,0.9311034757
PG,9134760106,9071261.277061,123735748,2196665,83.718354916,83.727696127,0.9241888779
BHGE,486956106,3864731.000000,11606444,1193191,34.005,33.962301587,0.9190174603
FTV,570590047,1509497.478836,7313010,0,60.18969496,60.196507937,0.915762069
MET,6298299763,6254518.136048,25464015,1303105,50.370124131,50.365536246,0.912845283
PFG,1358123774,1348682.993049,4813235,349999,52.56397716,52.575650447,0.9117858987
EMR,3901698069,3874576.036743,20572890,802124,57.925119166,57.929796425,0.9102055611
ARNC,6928125728,6879965.966236,42940452,1404910,32.743460775,32.741847071,0.8990101291
DISCA,3429169268,3405331.944389,25688737,647352,36.187906058,36.170834161,0.8924552135
O,1921986059,1931644.280402,39928586,0,52.838824773,52.851261005,0.8806402414
MRK,10478404482,10405565.523337,72875999,2980053,58.390992056,58.37550149,0.8789287984
MNST,3522868264,3498379.606753,59074884,573603,42.883269116,42.893140417,0.8775927507
AEP,2670773758,2652208.299901,7074577,732613,60.895561072,60.934776564,0.8759323734
RHI,1083398569,1075867.496524,10061385,210076,48.072303873,48.0991857,0.8725559086
UAA,5784957990,5744744.776564,84355266,1499358,32.50294856,32.476261172,0.8712771599
FAST,2587506618,2569519.978153,18096035,538363,44.625590864,44.631549156,0.8633724926
PCG,3100248613,3078697.728898,52389147,592163,55.582284012,55.595972294,0.8626754717
XRX,2348781106,2332453.928500,16111889,411994,41.120526316,41.113535253,0.8588103277
NKE,8658897144,8598706.200596,57319300,2441210,51.864262661,51.874766137,0.8539319762
AIG,7439241585,7387528.882820,38234945,1744091,57.826421152,57.8391857,0.8530214499
AFL,2014467551,2000464.300894,5794050,594374,67.21194141,67.243282026,0.8523956306
ICE,3620058033,3598467.229622,18126220,568820,50.881877734,50.887019881,0.8465626243
IP,3050721248,3029514.645482,19274926,566999,48.738431976,48.741082423,0.8464726912
MSFT,30927601441,30712613.148957,202526536,7425603,54.052420457,54.084863456,0.8376492552
CCL,4027009628,3999016.512413,16257472,1069720,49.829121152,49.822303873,0.836399007
PKI,756519723,751260.896723,3565875,159429,52.431072493,52.463733863,0.8357304866
CL,3333886176,3310711.197617,18843895,882144,68.859434062,68.882542205,0.8336752731
ALL,2298931853,2282951.194638,13214958,567802,70.147604767,70.19203575,0.8321466733
ZTS,3509433390,3485038.123138,29137996,710499,47.248022542,47.26828004,0.8315863952
SEE,2006305993,1992359.476663,11341075,312565,43.405451837,43.405084409,0.8313490566
NEM,7619395836,7566430.820258,38742225,1705593,28.245531281,28.244101291,0.8256552135
TPR,4175875018,4146847.088381,38637887,795149,38.866668322,38.860566038,0.8256341609
MOS,4349394219,4319160.098312,21094807,1052204,35.150069513,35.126613704,0.8232276068
WEC,1856101608,1843199.213505,10635560,486449,54.375764647,54.415287984,0.8218739821
DISCK,1976475720,1962736.564052,16261185,127864,34.636564052,34.620253227,0.8191215492
SNPS,842088174,836234.532274,30294553,217320,54.073247269,54.107303972,0.8156866931
BAX,4328509485,4298420.541212,76058804,692491,56.786092354,56.79632572,0.8153376365
APH,1224570946,1216058.536246,5048328,259470,59.964982622,60.001454816,0.8118095333
ATVI,7698384604,7644870.510427,133082393,1369310,35.57377855,35.580143992,0.8103769613
CINF,594005261,589876.128103,2942115,188101,61.525655412,61.532979146,0.8091298908
SBUX,9267137274,9202718.246276,53454789,2215418,51.209525323,51.214681728,0.8047788481
A,2207275088,2191931.567031,17862776,532863,49.085571003,49.097725919,0.8044925521
STI,3633772796,3608513.203575,10959173,833130,45.131916584,45.137219464,0.8039481629
COG,6445159869,6400357.367428,76176600,995518,27.234130983,27.226976167,0.8005156902
TXT,1801511109,1788988.191658,16894753,347645,42.57101291,42.589404171,0.7972820258
TMK,602899546,598708.585899,2997672,138267,62.417444091,62.44744141,0.7939479643
BEN,2600494854,2582417.928500,14048195,381359,45.146757696,45.137616683,0.7910390268
CPB,1752105817,1739926.332671,12508637,279098,51.351203178,51.381946375,0.785011718
AME,1345475233,1336122.376365,11642657,235472,53.475953327,53.499513406,0.7849983118
PDCO,1043669870,1036414.965243,14685248,171031,43.880139027,43.892413108,0.7848145978
EXPD,1370090488,1360566.522344,9505045,337873,48.97182721,49.016228401,0.7842829196
MO,6817089727,6769701.814300,54403894,1767912,57.361300993,57.396832175,0.7830015889
ES,1583395622,1588160.102307,7597457,592968,52.999884538,53.033405216,0.7768991976
TSS,1273081277,1264231.655412,7506248,197192,46.428803376,46.467388282,0.7749883813
MU,28158553783,27962814.084409,149010345,4672964,24.469615889,24.445753823,0.7675983118
ADM,3557025639,3532299.542205,12373731,722686,43.840029791,43.850695134,0.7646273088
NLSN,2534213734,2516597.551142,21052062,489557,45.259860973,45.279046673,0.758582721
NWL,3453211682,3429207.231380,47531743,401660,41.341539225,41.34265144,0.7579366435
BF.B,1065155360,1057751.102284,16152050,284473,48.1158714,48.145754717,0.7577085402
GIS,3329649589,3306504.060576,19747255,950180,56.964502483,56.998808342,0.7516637537
WFC,18308875857,18181604.624628,100988797,4296992,52.254076365,52.264374379,0.7501092354
PLD,2719841487,2700934.942403,8871880,451327,46.996072493,47.015705065,0.7485849057
NTAP,3510458797,3486056.402185,25743849,664508,36.082100298,36.110075472,0.7402793446
EBAY,10981199943,10904865.881827,77254512,1761434,39.900285005,39.918040715,0.7396555114
GPS,5457310441,5419374.817279,33027832,745399,31.495467627,31.49774578,0.7323915591
PAYX,2153765054,2138793.499503,7620108,538856,51.973857398,52.001131082,0.7285738828
MMC,2020092637,2006050.285005,7379685,445413,62.063555114,62.098515392,0.7276212512
ZION,2777385554,2758079.000993,15681067,688600,32.670059285,32.674543198,0.7206701092
AEE,1633961236,1622603.014896,7029263,345780,46.936385303,46.972393247,0.7162196624
MS,11381726377,11302608.120159,49311895,2495105,36.122905561,36.123301887,0.7113538232
XYL,1167328561,1159214.062562,5043272,195883,43.499493644,43.515228401,0.7083951341
UA,1422222942,3247084.342466,57001577,0,24.340949657,24.340684932,0.7072562929
LEG,961207151,954525.472691,4157674,206632,44.291007944,44.303505462,0.7019893744
CSX,8082138257,8025956.561072,98506114,1570745,35.158443992,35.194890765,0.7004870904
ETFC,3371661414,3348223.847071,21422683,612940,28.972986991,28.982373386,0.6965205561
SCHW,8070996399,8014892.153923,31760961,1269015,32.692601787,32.704597815,0.6955820258
GT,3471719119,3447586.016882,18004667,847020,29.50751718,29.513202483,0.6949916584
AOS,1229202177,1220657.573982,32488255,204257,39.135633069,39.156156902,0.6878614697
JCI,3837835584,3811157.481629,27850597,876372,42.066328997,42.077399206,0.6871749752
PEG,3193813721,3171612.433962,12224460,781553,42.005317776,42.028421053,0.6819212512
DHI,5004629849,4969840.962264,26162205,1033544,29.416470606,29.42857994,0.6742178749
ABT,6925677329,6877534.586892,54527662,1462895,44.053966634,44.072562066,0.6722560079
HOLX,2577102522,2559188.204568,52960983,281486,34.462527309,34.474881827,0.6695165839
SYF,5132904997,5954646.168213,128981940,78580,30.552424594,30.543509281,0.6656411833
CSRA,682428644,1275567.558879,8567467,18900,28.728906542,28.722271028,0.6655151402
GM,15045593495,14941006.449851,89213832,2899286,34.470268123,34.453247269,0.6643130089
HIG,2942316312,2921863.269116,16921706,435642,43.93010427,43.954141013,0.6621275074
MDLZ,8726017772,8665360.250248,33312121,1883411,40.772388282,40.762298908,0.6602616683
AIV,1221653028,1213160.901688,7882181,221812,39.253088381,39.276276068,0.6598527309
VZ,16932989179,16815282.203575,618237630,4108274,48.845325621,48.855650447,0.6565195631
BK,5462414435,5424443.331678,17410465,1238911,42.028440914,42.035670308,0.6509470705
WM,2025290687,2011212.201589,7869603,529248,58.463932473,58.497358491,0.6505340616
UNM,1546059103,1535311.919563,5385908,382381,37.903167825,37.91468719,0.6484186693
HCP,3475126560,3450969.771599,23569805,880694,36.210923535,36.207259186,0.6478329692
MRO,13220987440,13129083.853029,273996613,2969418,21.516086395,21.491305859,0.6454204568
PWR,2181379951,2166216.435948,24411177,369104,30.08775571,30.084563059,0.643161569
CFG,4330607230,5255591.298544,94875312,304036,28.282457524,28.289180825,0.6427882282
IRM,1692843715,1681076.181728,17681850,432184,34.104324727,34.11111718,0.6405093347
IVZ,3247182045,3224609.776564,13759694,638104,34.386352532,34.370794439,0.6403809335
INFO,1255791921,1409418.542088,58233574,43790,33.404214366,33.445785634,0.6362195286
AJG,993884017,986975.190665,37176922,217022,49.281047666,49.29387289,0.6331777557
MGM,8619216980,8559301.866931,90098241,950725,24.889944389,24.883187686,0.6295774578
MAT,5342252768,5305116.949355,66440742,1110139,28.374318272,28.350551142,0.6289281033
FLIR,913789178,907437.118173,4505427,162895,33.554354518,33.573043694,0.6275207547
NRG,5457360823,5419424.849057,53494020,1411908,21.360292949,21.35285998,0.6227958292
SO,5073178492,5037913.100298,23170100,1155785,47.317635551,47.340049652,0.6213533267
USB,6845318480,6797734.339623,33377528,1466876,45.255177855,45.264970209,0.6178489573
FOXA,12123261115,12038988.197617,94630755,2150921,30.548150149,30.555968222,0.6172738828
CBG,2203353378,2188037.118173,9857669,501802,32.71163853,32.710297915,0.6166183714
EXC,6494043352,6448901.044687,44407688,1432571,34.118341609,34.135888779,0.6164157895
BBT,4321584649,4291543.842105,16250045,980387,39.85214995,39.863828203,0.6145851043
LKQ,1970375256,1956678.506455,61585902,326606,30.365829196,30.370556107,0.612609136
AMAT,13476515093,13382835.246276,219415189,2878423,27.40049146,27.402373386,0.6064971202
FE,3847615433,3820869.347567,19368755,1099865,33.086097319,33.094548163,0.6033458788
ORCL,14451748724,14351289.696127,86679107,4013115,41.648242304,41.663679245,0.6004170804
KMI,15495807359,15388090.723932,251563883,2736435,27.545578947,27.522810328,0.5977007944
FCX,25799156556,25619817.831182,141597285,4128320,18.22278431,18.205968222,0.5938698113
FOX,3841706409,3815001.399206,67238570,732234,30.144806356,30.148541212,0.5925023833
HRB,2957714283,2937154.203575,22307806,485806,28.882433069,28.885481629,0.5884473684
CTL,6776157040,6729053.664350,71943608,887602,29.467567031,29.445268123,0.5876271102
CAG,3315376275,3292329.965243,20338810,617532,38.177105263,38.19774578,0.5857831182
KR,9159643489,9095971.687190,106360667,1718663,30.742676266,30.752403178,0.5816981132
SYY,3708443260,3682664.607746,30108254,621067,44.650357498,44.674597815,0.5806713009
CHD,1612184792,1600977.946375,51368944,397971,43.189957795,43.212085402,0.5791346574
COTY,3195749380,3173534.637537,86269329,199979,21.496603774,21.501598808,0.5773520357
XL,2238441147,2222880.980139,15584110,511204,36.285233267,36.291469712,0.5761749752
UDR,1646783751,1635336.396226,53725917,372636,33.719493545,33.736067527,0.5653864945
BLL,2453869698,2436812.013903,17198236,365080,35.307167329,35.321569017,0.565017279
INTC,27351266285,27161138.316783,135893228,5893789,33.37316862,33.403237537,0.5634863952
MAS,3882951665,3855959.945382,17216029,891853,29.426196226,29.437795432,0.5600550149
CMS,2284747606,2268865.547170,6894074,435212,38.064086395,38.092810328,0.5577772592
HBI,4052709848,4024538.081430,63797458,573823,25.628059881,25.622959285,0.5553735849
RSG,1469198446,1458985.547170,7276049,463487,47.658753724,47.691946375,0.5432024826
XEL,3005433577,2984541.784508,9447835,898884,38.308018868,38.335377358,0.5390795432
CMCSA,24775867987,24603642.489573,166551204,5672240,31.522755809,31.528865442,0.5312652433
L,1106837519,1099143.514399,10926733,313270,42.565888779,42.566084906,0.5245556107
WY,4181869644,4152800.043694,57594697,709620,31.790352731,31.790585899,0.5233505462
HRL,2201168694,2185867.620655,12777876,338922,31.739219364,31.74857994,0.5138926514
PPL,4356790800,4326505.263158,19819171,1269091,34.882512413,34.891813406,0.5115516385
CA,2737424583,2718395.812314,15609832,673050,30.975789474,30.982864945,0.5085600794
JNPR,5690703704,5651145.684211,40638256,1055458,25.634726912,25.652308838,0.5014677259
LNT,1289093272,1280132.345581,51880821,293213,34.266261172,34.270347567,0.5002321748
NI,2596078045,2578031.822244,17694429,611330,29.330575968,29.35520854,0.4906233366
GGP,4792314097,4759001.089374,52528528,1035889,25.50316286,25.509622642,0.4851441907
PFE,26604672426,26419734.285998,284468054,6397307,32.729157895,32.727080437,0.4837652433
PHM,5635404472,5596230.856008,27580445,1053958,20.953902681,20.960342602,0.4802571003
SYMC,6790452638,6743249.888779,60896172,958212,24.110297915,24.12787001,0.4749589871
T,25654957474,25476621.126117,100586152,6862360,36.564260179,36.564325124,0.4675832175
KO,13699525698,13604295.628600,55953509,2996338,42.469074379,42.493445879,0.4635322741
CHK,28080599383,27885401.571996,188966428,3204281,11.786768024,11.758113208,0.4626623635
HPE,6479363809,11674529.385586,46881768,59910,18.100762162,18.132576577,0.4464084685
CDNS,2855594229,2835744.020854,57218094,474324,23.96541708,23.994364449,0.4419222443
KIM,3355372814,3332048.474677,16648000,886950,24.21428004,24.211996028,0.4342551142
PGR,3432952437,3409088.815293,14861468,702791,32.79346574,32.816484608,0.4282285998
NAVI,2981769558,3192472.760171,26746201,368892,15.404678801,15.41064454,0.424382334
CSCO,26434584248,26250828.448858,153766718,6155794,28.487873784,28.504367925,0.423283714
FITB,7388729232,7337367.658391,28189876,1600548,21.702840119,21.705866931,0.4230281033
LUK,1762574428,1750322.172790,8304103,456193,22.693838133,22.688157895,0.4120281033
GE,41734050117,41443942.519364,431332632,13162239,27.281911519,27.279270109,0.3883378352
HST,7937655199,7882477.854022,27336197,1425846,18.935753724,18.936459782,0.388330288
GLW,8871085732,8809419.793446,41477700,1689276,22.699860973,22.718937438,0.3857467726
IPG,4462038757,4431021.605760,26954916,870720,21.22785005,21.231082423,0.3796912612
CNP,3822322649,3795752.382324,20470256,852505,23.429155809,23.439607746,0.3784067527
DRE,2509500225,2492055.834161,86679197,468641,22.477080437,22.488828203,0.3707724926
BSX,9763485454,9695616.141013,55380561,1236835,19.447437934,19.453823237,0.3547649454
BAC,89988444028,89362903.702085,375088650,14273573,18.26835144,18.263083416,0.3379780536
HPQ,7067991168,12735119.221622,71908577,171500,15.598518198,15.623585586,0.3363010811
WU,4985616136,4950959.420060,24838298,1013121,18.872701092,18.878992056,0.3260916584
NWSA,3041839411,3020694.549156,21641058,669504,14.412581927,14.411973684,0.3097266137
NWS,956273034,949625.654419,18792603,136621,14.478242304,14.476156902,0.2981690169
KEY,11935578272,11852610.001986,80371581,2391810,14.633177756,14.63367428,0.2911490566
PBCT,3422058740,3398270.844091,34202752,605566,16.057586892,16.060843992,0.2675580933
AES,5528086999,5489659.383317,46067618,1213181,12.209523337,12.210854022,0.265614995
AMD,33522535638,33289509.074479,268336455,2606577,5.911949355,5.908604767,0.2477144985
F,33144701045,32914300.938431,142168574,7128841,13.841385303,13.832264151,0.2469029791
RF,16862871902,16745652.335650,59508341,3487115,11.132636445,11.13520854,0.2419212512
HBAN,10428713313,10356219.774578,99726189,2257258,11.047698113,11.049268918,0.2194332671